dataset,active_share,churn_share
Train,0.5901680461499874,0.40983195385001253
Validation,0.6032338308457711,0.39676616915422885
OOT,0.6048951048951049,0.3951048951048951
